timestamp,elapsed_s,npu_pct,npu_mem_mb,ram_mb
13:10:04.300,0.000,0.00,0.0,22518.5
13:10:04.713,0.610,0.00,0.0,22514.4
13:10:05.245,1.111,0.00,0.0,22572.3
13:10:05.757,1.611,0.00,0.0,22589.1
13:10:06.248,2.111,0.00,0.0,22528.7
13:10:06.727,2.612,0.00,0.0,22514.0
13:10:07.290,3.112,0.00,0.0,22531.9
13:10:07.806,3.613,0.00,0.0,22541.3
13:10:08.264,4.116,0.00,0.0,22539.5
13:10:08.752,4.616,0.00,0.0,22484.0
13:10:09.215,5.117,0.00,0.0,22483.7
13:10:09.738,5.617,0.00,0.0,22523.7
13:10:10.256,6.117,0.00,0.0,22573.3
13:10:10.710,6.618,0.00,0.0,22560.7
13:10:11.204,7.118,0.00,0.0,22561.7
13:10:11.717,7.618,0.00,0.0,22499.3
13:10:12.223,8.119,0.00,0.0,22488.3
13:10:12.758,8.619,0.00,0.0,22598.4
13:10:13.213,9.120,0.00,0.0,22560.3
13:10:13.728,9.620,0.00,0.0,22549.1
13:10:14.248,10.120,0.00,0.0,22526.6
13:10:14.808,10.621,0.00,0.0,22539.7
13:10:15.298,11.121,0.00,0.0,22577.6
13:10:15.803,11.621,0.00,0.0,22607.5
13:10:16.253,12.122,0.00,0.0,22606.3
13:10:16.740,12.622,0.00,0.0,22547.3
13:10:17.224,13.122,0.00,0.0,22546.5
13:10:17.720,13.623,0.00,0.0,22537.6
13:10:18.259,14.123,0.00,0.0,22597.5
13:10:18.845,14.624,0.00,0.0,22601.6
13:10:19.287,15.155,0.00,0.0,22588.7
13:10:19.780,15.656,0.00,0.0,22531.4
13:10:20.268,16.156,0.00,0.0,22533.1
13:10:20.799,16.657,0.00,0.0,22588.1
13:10:21.277,17.157,0.00,0.0,22594.8
13:10:21.748,17.657,0.00,0.0,22593.9
13:10:22.276,18.157,0.00,0.0,22536.9
13:10:22.771,18.658,0.00,0.0,22539.1
13:10:23.328,19.158,0.00,0.0,22571.3
13:10:23.817,19.659,0.00,0.0,22585.1
13:10:24.277,20.159,0.00,0.0,22584.5
13:10:24.784,20.660,0.00,0.0,22529.1
13:10:25.273,21.160,0.00,0.0,22530.1
13:10:25.763,21.660,0.00,0.0,22531.7
13:10:26.303,22.161,0.00,0.0,22589.3
13:10:26.779,22.661,0.00,0.0,22590.2
13:10:27.315,23.161,0.00,0.0,22594.1
13:10:27.809,23.662,0.00,0.0,22529.9
13:10:28.281,24.162,0.00,0.0,22532.7
13:10:28.811,24.663,0.00,0.0,22584.7
13:10:29.327,25.163,0.00,0.0,22594.1
13:10:29.772,25.664,0.00,0.0,22595.7
13:10:30.265,26.164,0.00,0.0,22533.4
13:10:30.785,26.664,0.00,0.0,22533.5
13:10:31.295,27.165,0.00,0.0,22568.6
13:10:31.888,27.665,0.00,0.0,22585.7
13:10:32.327,28.199,0.00,0.0,22583.0
13:10:32.819,28.699,0.00,0.0,22564.4
13:10:33.317,29.200,0.00,0.0,22508.5
13:10:33.825,29.700,0.00,0.0,22510.0
13:10:34.347,30.201,0.00,0.0,22555.1
13:10:34.825,30.701,0.00,0.0,22567.7
13:10:35.306,31.202,0.00,0.0,22568.4
13:10:35.926,31.702,0.00,0.0,22503.6
13:10:36.381,32.236,0.00,0.0,22502.5
13:10:36.843,32.737,0.00,0.0,22546.8
13:10:37.386,33.237,0.00,0.0,22566.8
13:10:37.846,33.737,0.00,0.0,22568.9
13:10:38.352,34.237,0.00,0.0,22506.6
13:10:38.842,34.738,0.00,0.0,22505.7
13:10:39.332,35.238,0.00,0.0,22506.6
13:10:39.955,35.739,0.00,0.0,22563.2
13:10:40.434,36.265,0.00,0.0,22560.8
13:10:40.898,36.766,0.00,0.0,22576.1
13:10:41.435,37.266,0.00,0.0,22544.7
13:10:41.956,37.766,0.00,0.0,22548.1
13:10:42.465,38.266,0.00,0.0,22594.3
13:10:42.973,38.776,0.00,0.0,22608.7
13:10:43.437,39.284,0.00,0.0,22611.6
13:10:43.966,39.784,0.00,0.0,22643.4
13:10:44.496,40.284,0.00,0.0,22626.0
13:10:44.984,40.806,0.00,0.0,22625.5
13:10:45.494,41.307,0.00,0.0,22675.4
13:10:45.946,41.807,0.00,0.0,22673.6
13:10:46.456,42.307,0.00,0.0,22676.8
13:10:46.969,42.808,0.00,0.0,22619.8
13:10:47.454,43.308,0.00,0.0,22621.4
13:10:47.939,43.809,0.00,0.0,22664.7
13:10:48.451,44.309,0.00,0.0,22661.0
13:10:48.921,44.809,0.00,0.0,22655.5
13:10:49.420,45.310,0.00,0.0,22541.1
13:10:49.912,45.810,0.00,0.0,22524.6
13:10:50.419,46.310,0.00,0.0,22540.8
13:10:50.985,46.810,0.00,0.0,22585.8
13:10:51.420,47.311,0.00,0.0,22588.1
13:10:51.921,47.811,0.00,0.0,22571.2
13:10:52.412,48.312,0.00,0.0,22513.4
13:10:52.907,48.813,0.00,0.0,22514.6
13:10:53.442,49.313,0.00,0.0,22565.9
13:10:53.933,49.813,0.00,0.0,22574.5
13:10:54.406,50.314,0.00,0.0,22568.6
13:10:54.923,50.814,0.00,0.0,22512.0
13:10:55.444,51.315,0.00,0.0,22511.8
13:10:55.934,51.815,0.00,0.0,22554.4
13:10:56.457,52.315,0.00,0.0,22563.2
13:10:56.927,52.816,0.00,0.0,22563.8
13:10:57.428,53.316,0.00,0.0,22509.2
13:10:57.933,53.816,0.00,0.0,22506.3
13:10:58.435,54.317,0.00,0.0,22510.9
13:10:58.970,54.817,0.00,0.0,22566.8
13:10:59.511,55.323,0.00,0.0,22573.0
13:10:59.970,55.823,0.00,0.0,22570.2
13:11:00.466,56.324,0.00,0.0,22511.9
13:11:00.944,56.824,0.00,0.0,22508.1
13:11:01.451,57.325,0.00,0.0,22557.1
13:11:01.956,57.825,0.00,0.0,22565.9
13:11:02.431,58.325,0.00,0.0,22561.3
13:11:02.918,58.826,0.00,0.0,22502.7
13:11:03.489,59.326,0.00,0.0,22504.7
13:11:03.956,59.826,0.00,0.0,22542.9
13:11:04.494,60.327,0.00,0.0,22559.3
13:11:04.957,60.827,0.00,0.0,22564.1
13:11:05.430,61.328,0.00,0.0,22564.6
13:11:05.940,61.828,0.00,0.0,22504.2
13:11:06.437,62.328,0.00,0.0,22503.5
13:11:06.992,62.828,0.00,0.0,22574.7
13:11:07.466,63.329,0.00,0.0,22568.5
13:11:07.986,63.829,0.00,0.0,22599.3
13:11:08.485,64.329,0.00,0.0,22556.3
13:11:08.975,64.829,0.00,0.0,22550.3
13:11:09.475,65.330,0.00,0.0,22594.8
13:11:09.973,65.830,0.00,0.0,22606.3
13:11:10.427,66.330,0.00,0.0,22603.4
13:11:10.982,66.831,0.00,0.0,22571.2
13:11:11.525,67.331,0.00,0.0,22560.7
13:11:12.005,67.836,0.00,0.0,22587.1
13:11:12.535,68.336,0.00,0.0,22652.5
13:11:13.030,68.845,0.00,0.0,22605.5
13:11:13.497,69.346,0.00,0.0,22624.8
13:11:14.015,69.846,0.00,0.0,22581.8
13:11:14.522,70.347,0.00,0.0,22491.6
13:11:14.979,70.847,0.00,0.0,22537.8
13:11:15.474,71.347,0.00,0.0,22543.0
13:11:15.935,71.848,0.00,0.0,22546.2
13:11:16.464,72.348,0.00,0.0,22521.1
13:11:16.965,72.848,0.00,0.0,22547.3
13:11:17.512,73.349,0.00,0.0,22625.7
13:11:18.024,73.849,0.00,0.0,22628.8
13:11:18.497,74.349,0.00,0.0,22623.4
13:11:18.944,74.850,0.00,0.0,22622.6
13:11:19.451,75.351,0.00,0.0,22561.7
13:11:19.952,75.851,0.00,0.0,22559.7
13:11:20.483,76.352,0.00,0.0,22631.1
13:11:21.074,76.852,0.00,0.0,22607.1
13:11:21.525,77.384,0.00,0.0,22619.7
13:11:21.999,77.884,0.00,0.0,22562.0
13:11:22.471,78.384,0.00,0.0,22550.1
13:11:23.009,78.885,0.00,0.0,22613.1
13:11:23.558,79.385,0.00,0.0,22657.3
13:11:24.070,79.885,0.00,0.0,22621.5
13:11:24.536,80.385,0.00,0.0,22641.3
13:11:25.035,80.886,0.00,0.0,22582.4
13:11:25.529,81.386,0.00,0.0,22581.1
13:11:26.070,81.887,0.00,0.0,22695.9
13:11:26.549,82.387,0.00,0.0,22595.9
13:11:27.036,82.887,0.00,0.0,22596.7
13:11:27.625,83.387,0.00,0.0,22533.0
13:11:28.079,83.936,0.00,0.0,22532.0
13:11:28.571,84.436,0.00,0.0,22580.3
13:11:29.134,84.937,0.00,0.0,22595.8
13:11:29.586,85.445,0.00,0.0,22593.1
13:11:30.091,85.945,0.00,0.0,22544.5
13:11:30.568,86.445,0.00,0.0,22530.4
13:11:31.046,86.946,0.00,0.0,22535.6
13:11:31.595,87.447,0.00,0.0,22592.2
13:11:32.157,87.947,0.00,0.0,22600.0
13:11:32.625,88.468,0.00,0.0,22590.0
13:11:33.097,88.968,0.00,0.0,22529.4
13:11:33.595,89.469,0.00,0.0,22531.0
13:11:34.065,89.969,0.00,0.0,22589.2
13:11:34.656,90.470,0.00,0.0,20974.4
13:11:35.061,90.970,0.00,0.0,17084.6
13:11:35.587,91.470,0.00,0.0,11806.8
13:11:36.080,91.971,0.00,0.0,11817.4
13:11:36.625,92.471,0.00,0.0,15016.4
13:11:37.165,92.971,0.00,0.0,19544.2
13:11:37.600,93.476,0.00,0.0,19775.5
13:11:38.105,93.976,0.00,0.0,19999.0
13:11:38.598,94.476,0.00,0.0,20222.6
13:11:39.082,94.976,0.00,0.0,20474.9
13:11:39.618,95.477,0.00,0.0,20804.5
13:11:40.116,95.977,0.00,0.0,20994.2
13:11:40.661,96.477,0.00,0.0,21272.6
13:11:41.118,96.978,0.00,0.0,21271.3
13:11:41.605,97.478,0.00,0.0,21305.0
13:11:42.094,97.978,0.00,0.0,21329.5
13:11:42.647,98.479,0.00,0.0,21373.8
13:11:43.139,98.979,0.00,0.0,21335.1
13:11:43.666,99.483,0.00,0.0,21269.4
13:11:44.110,99.983,0.00,0.0,21280.0
13:11:44.620,100.484,0.00,0.0,21289.6
13:11:45.118,100.984,0.00,0.0,21352.5
13:11:45.610,101.485,0.00,0.0,21330.2
13:11:46.087,101.985,0.00,0.0,21330.0
13:11:46.586,102.485,0.00,0.0,21292.2
13:11:47.095,102.986,0.00,0.0,21300.6
13:11:47.636,103.486,0.00,0.0,21377.6
13:11:48.164,103.987,0.00,0.0,21393.7
13:11:48.651,104.487,0.00,0.0,21343.6
13:11:49.121,104.987,0.00,0.0,21281.8
13:11:49.617,105.487,0.00,0.0,21298.3
13:11:50.115,105.988,0.00,0.0,21337.0
13:11:50.615,106.488,0.00,0.0,21348.7
13:11:51.101,106.988,0.00,0.0,21396.6
13:11:51.606,107.489,0.00,0.0,21299.2
13:11:52.094,107.989,0.00,0.0,21311.3
13:11:52.621,108.489,0.00,0.0,21338.4
13:11:53.230,108.990,0.00,0.0,21405.9
13:11:53.713,109.540,0.00,0.0,21416.9
13:11:54.201,110.040,0.00,0.0,21462.9
13:11:54.752,110.540,0.00,0.0,21362.4
13:11:55.215,111.062,0.00,0.0,21381.1
13:11:55.711,111.562,0.00,0.0,21455.9
13:11:56.207,112.063,0.00,0.0,21464.6
13:11:56.699,112.563,0.00,0.0,21444.0
13:11:57.211,113.063,0.00,0.0,21422.1
13:11:57.701,113.564,0.00,0.0,21441.7
13:11:58.215,114.064,0.00,0.0,21726.6
13:11:58.756,114.564,0.00,0.0,22022.7
13:11:59.205,115.066,0.00,0.0,22137.0
13:11:59.675,115.566,0.00,0.0,22191.6
13:12:00.161,116.066,0.00,0.0,21170.5
13:12:00.716,116.567,0.00,0.0,20910.2
13:12:01.277,117.067,0.00,0.0,20972.4
13:12:01.830,117.587,0.00,0.0,20893.2
13:12:02.254,118.141,0.00,0.0,20894.4
13:12:02.725,118.641,0.00,0.0,20835.2
13:12:03.282,119.142,0.00,0.0,20859.4
13:12:03.776,119.642,0.00,0.0,20905.7
13:12:04.308,120.143,0.00,0.0,20934.8
13:12:04.875,120.643,0.00,0.0,20921.0
13:12:05.374,121.186,0.00,0.0,20872.2
13:12:05.814,121.686,0.00,0.0,20871.8
13:12:06.275,122.186,0.00,0.0,20863.8
13:12:06.807,122.686,0.00,0.0,20926.4
13:12:07.307,123.187,0.00,0.0,20946.2
13:12:07.777,123.687,0.00,0.0,20961.8
13:12:08.321,124.187,0.00,0.0,19196.5
13:12:08.830,124.687,0.00,0.0,11636.2
13:12:09.338,125.188,0.00,0.0,11453.0
13:12:09.813,125.688,0.00,0.0,11487.3
13:12:10.348,126.188,0.00,0.0,16054.8
13:12:10.845,126.688,0.00,0.0,19110.3
13:12:11.327,127.189,0.00,0.0,19404.9
13:12:11.818,127.689,0.00,0.0,19700.5
13:12:12.356,128.190,0.00,0.0,20008.1
13:12:12.822,128.690,0.00,0.0,20214.6
13:12:13.324,129.190,0.00,0.0,20492.6
13:12:13.815,129.690,0.00,0.0,20655.6
13:12:14.369,130.191,0.00,0.0,20925.5
13:12:14.894,130.691,0.00,0.0,21004.6
13:12:15.389,131.204,0.00,0.0,21222.1
13:12:15.863,131.704,0.00,0.0,21473.2
13:12:16.397,132.205,0.00,0.0,21661.0
13:12:16.839,132.707,0.00,0.0,21701.1
13:12:17.343,133.207,0.00,0.0,21689.9
13:12:17.841,133.707,0.00,0.0,21709.1
13:12:18.292,134.208,0.00,0.0,21705.3
13:12:18.811,134.708,0.00,0.0,21676.8
13:12:19.311,135.208,0.00,0.0,21671.3
13:12:19.805,135.709,0.00,0.0,21661.4
13:12:20.328,136.209,0.00,0.0,21727.1
13:12:20.819,136.709,0.00,0.0,21719.0
13:12:21.305,137.209,0.00,0.0,21721.6
13:12:21.799,137.710,0.00,0.0,21687.6
13:12:22.314,138.210,0.00,0.0,21674.5
13:12:22.846,138.710,0.00,0.0,21725.8
13:12:23.336,139.211,0.00,0.0,21728.4
13:12:23.805,139.711,0.00,0.0,21738.2
13:12:24.334,140.211,0.00,0.0,21684.1
13:12:24.830,140.711,0.00,0.0,21743.9
13:12:25.320,141.212,0.00,0.0,21740.3
13:12:25.801,141.712,0.00,0.0,21772.5
13:12:26.317,142.213,0.00,0.0,21775.4
13:12:26.819,142.713,0.00,0.0,21718.8
13:12:27.299,143.213,0.00,0.0,21743.6
13:12:27.824,143.714,0.00,0.0,21753.3
13:12:28.326,144.214,0.00,0.0,21807.4
13:12:28.821,144.714,0.00,0.0,21850.4
13:12:29.294,145.215,0.00,0.0,21881.0
13:12:29.806,145.715,0.00,0.0,21863.8
13:12:30.294,146.215,0.00,0.0,21847.6
13:12:30.813,146.715,0.00,0.0,21940.4
13:12:31.304,147.215,0.00,0.0,21983.5
13:12:31.796,147.715,0.00,0.0,22004.4
13:12:32.291,148.216,0.00,0.0,21976.8
13:12:32.804,148.716,0.00,0.0,22019.1
13:12:33.315,149.216,0.00,0.0,22106.7
13:12:33.821,149.717,0.00,0.0,22157.7
13:12:34.306,150.217,0.00,0.0,22191.2
13:12:34.798,150.717,0.00,0.0,22175.0
13:12:35.305,151.217,0.00,0.0,22212.5
13:12:35.813,151.718,0.00,0.0,22289.1
13:12:36.318,152.218,0.00,0.0,22351.9
13:12:36.801,152.719,0.00,0.0,22391.1
13:12:37.306,153.219,0.00,0.0,22370.3
13:12:37.803,153.720,0.00,0.0,22404.2
13:12:38.319,154.220,0.00,0.0,22448.6
13:12:38.808,154.720,0.00,0.0,22540.8
13:12:39.313,155.220,0.00,0.0,22579.5
13:12:39.811,155.721,0.00,0.0,22619.7
13:12:40.305,156.221,0.00,0.0,22597.7
13:12:40.806,156.721,0.00,0.0,22636.5
13:12:41.334,157.222,0.00,0.0,22730.0
13:12:41.813,157.722,0.00,0.0,22769.3
13:12:42.306,158.222,0.00,0.0,22804.6
13:12:42.837,158.722,0.00,0.0,22795.7
13:12:43.338,159.223,0.00,0.0,22840.6
13:12:43.827,159.723,0.00,0.0,22922.7
13:12:44.357,160.223,0.00,0.0,22384.3
13:12:44.865,160.723,0.00,0.0,21873.2
13:12:45.407,161.223,0.00,0.0,21807.0
13:12:45.894,161.723,0.00,0.0,21872.4
13:12:46.377,162.224,0.00,0.0,21942.5
13:12:46.877,162.724,0.00,0.0,21930.7
13:12:47.344,163.225,0.00,0.0,21974.5
13:12:47.816,163.725,0.00,0.0,21960.7
13:12:48.326,164.225,0.00,0.0,21890.9
13:12:48.808,164.725,0.00,0.0,21889.8
13:12:49.355,165.226,0.00,0.0,22004.9
13:12:49.788,165.726,0.00,0.0,21947.5
13:12:50.297,166.227,0.00,0.0,20097.5
13:12:50.825,166.727,0.00,0.0,14569.6
13:12:51.332,167.227,0.00,0.0,11182.5
13:12:51.801,167.728,0.00,0.0,11203.3
13:12:52.330,168.228,0.00,0.0,14426.9
13:12:52.849,168.728,0.00,0.0,18926.1
13:12:53.335,169.228,0.00,0.0,19126.6
13:12:53.826,169.728,0.00,0.0,19398.6
13:12:54.343,170.229,0.00,0.0,19590.1
13:12:54.844,170.729,0.00,0.0,19863.6
13:12:55.337,171.229,0.00,0.0,20110.7
13:12:55.832,171.729,0.00,0.0,20270.2
13:12:56.328,172.230,0.00,0.0,20544.9
13:12:56.818,172.730,0.00,0.0,20559.1
13:12:57.354,173.231,0.00,0.0,20588.9
13:12:57.813,173.731,0.00,0.0,20590.1
13:12:58.332,174.231,0.00,0.0,20633.5
13:12:58.828,174.731,0.00,0.0,20512.8
13:12:59.329,175.232,0.00,0.0,20508.4
13:12:59.841,175.732,0.00,0.0,20547.1
13:13:00.329,176.232,0.00,0.0,20562.3
13:13:00.834,176.732,0.00,0.0,20556.6
13:13:01.394,177.233,0.00,0.0,20503.6
13:13:01.835,177.733,0.00,0.0,20528.9
13:13:02.335,178.233,0.00,0.0,20576.6
13:13:02.852,178.734,0.00,0.0,20572.6
13:13:03.344,179.234,0.00,0.0,20560.3
13:13:03.833,179.734,0.00,0.0,20505.4
13:13:04.322,180.234,0.00,0.0,20519.8
13:13:04.852,180.734,0.00,0.0,20530.3
13:13:05.343,181.235,0.00,0.0,20583.5
13:13:05.835,181.735,0.00,0.0,20572.0
13:13:06.341,182.235,0.00,0.0,20556.7
13:13:06.845,182.736,0.00,0.0,20499.3
13:13:07.337,183.236,0.00,0.0,20527.0
13:13:08.093,183.737,0.00,0.0,20611.2
13:13:08.765,184.403,0.00,0.0,20593.7
13:13:09.422,185.075,0.00,0.0,20594.8
13:13:10.077,185.732,0.00,0.0,20482.1
13:13:10.726,186.387,0.00,0.0,20565.7
13:13:11.422,187.036,0.00,0.0,20549.9
13:13:12.112,187.732,0.00,0.0,20556.2
13:13:12.780,188.423,0.00,0.0,20502.1
13:13:13.429,189.090,0.00,0.0,20510.7
13:13:14.072,189.739,0.00,0.0,20664.3
13:13:14.779,190.382,0.00,0.0,21041.6
13:13:15.468,191.089,0.00,0.0,21408.4
13:13:16.126,191.779,0.00,0.0,21700.7
13:13:16.928,192.436,0.00,0.0,20823.8
13:13:18.008,193.239,0.00,0.0,20900.9
13:13:18.922,194.319,0.00,0.0,20970.2
13:13:19.814,195.232,0.00,0.0,21008.8
13:13:20.619,196.124,0.00,0.0,21232.6
13:13:21.458,196.930,0.00,0.0,21245.7
13:13:22.177,197.768,0.00,0.0,21230.1
13:13:22.884,198.487,0.00,0.0,21190.1
13:13:23.729,199.194,0.00,0.0,21181.3
13:13:24.517,200.040,0.00,0.0,21261.0
13:13:25.369,200.828,0.00,0.0,21279.0
13:13:26.205,201.679,0.00,0.0,21052.7
13:13:26.945,202.515,0.00,0.0,21020.7
13:13:27.677,203.256,0.00,0.0,21084.9
13:13:28.537,203.988,0.00,0.0,21088.0
13:13:29.265,204.847,0.00,0.0,21110.7
13:13:30.036,205.575,0.00,0.0,21077.6
13:13:30.771,206.346,0.00,0.0,21067.7
13:13:31.549,207.081,0.00,0.0,21063.5
13:13:32.237,207.860,0.00,0.0,21065.4
13:13:32.899,208.548,0.00,0.0,20998.4
13:13:33.587,209.209,0.00,0.0,21005.7
13:13:34.323,209.898,0.00,0.0,21073.8
13:13:35.154,210.634,0.00,0.0,21097.7
13:13:35.891,211.464,0.00,0.0,21038.4
13:13:36.610,212.202,0.00,0.0,21002.1
13:13:37.361,212.921,0.00,0.0,21070.4
13:13:38.270,213.671,0.00,0.0,21045.7
13:13:38.941,214.580,0.00,0.0,21014.3
13:13:39.542,215.252,0.00,0.0,20955.9
13:13:40.188,215.853,0.00,0.0,15132.2
13:13:40.803,216.499,0.00,0.0,11502.0
13:13:41.538,217.113,0.00,0.0,11581.7
13:13:42.244,217.849,0.00,0.0,19330.9
13:13:42.988,218.554,0.00,0.0,19569.1
13:13:43.661,219.299,0.00,0.0,19939.9
13:13:44.365,219.972,0.00,0.0,20290.7
13:13:45.069,220.675,0.00,0.0,20619.2
13:13:45.793,221.380,0.00,0.0,20946.9
13:13:46.554,222.103,0.00,0.0,21378.2
13:13:47.283,222.864,0.00,0.0,21789.8
13:13:48.048,223.593,0.00,0.0,22211.4
13:13:48.759,224.359,0.00,0.0,22247.3
13:13:49.471,225.070,0.00,0.0,22259.9
13:13:50.137,225.782,0.00,0.0,22312.9
13:13:50.877,226.448,0.00,0.0,22316.2
13:13:51.549,227.187,0.00,0.0,22317.4
13:13:52.237,227.859,0.00,0.0,22195.9
13:13:52.917,228.548,0.00,0.0,22204.2
13:13:53.577,229.227,0.00,0.0,22244.5
13:13:54.272,229.888,0.00,0.0,22251.3
13:13:54.933,230.582,0.00,0.0,22256.6
13:13:55.592,231.243,0.00,0.0,22184.9
13:13:56.248,231.903,0.00,0.0,22201.1
13:13:56.934,232.558,0.00,0.0,22281.0
13:13:57.612,233.245,0.00,0.0,22248.2
13:13:58.270,233.922,0.00,0.0,22201.3
13:13:58.926,234.580,0.00,0.0,22194.6
13:13:59.612,235.236,0.00,0.0,22256.6
13:14:00.307,235.922,0.00,0.0,22260.2
13:14:01.016,236.617,0.00,0.0,22250.2
13:14:01.697,237.327,0.00,0.0,22171.4
13:14:02.366,238.008,0.00,0.0,22182.0
13:14:03.037,238.676,0.00,0.0,22198.6
13:14:03.742,239.348,0.00,0.0,22242.0
13:14:04.387,240.052,0.00,0.0,22215.6
13:14:05.059,240.697,0.00,0.0,22150.6
13:14:05.710,241.369,0.00,0.0,22246.2
13:14:06.403,242.020,0.00,0.0,22576.5
13:14:07.085,242.713,0.00,0.0,22943.8
13:14:07.765,243.395,0.00,0.0,23257.7
13:14:08.469,244.075,0.00,0.0,22274.2
13:14:09.295,244.779,0.00,0.0,22554.6
13:14:10.152,245.605,0.00,0.0,22527.9
13:14:10.897,246.462,0.00,0.0,22563.7
13:14:11.622,247.208,0.00,0.0,22528.0
13:14:12.361,247.933,0.00,0.0,22624.8
13:14:13.146,248.672,0.00,0.0,22649.1
13:14:13.881,249.457,0.00,0.0,22683.8
13:14:14.593,250.191,0.00,0.0,22647.6
13:14:15.309,250.903,0.00,0.0,22557.0
13:14:16.028,251.619,0.00,0.0,22576.5
13:14:16.819,252.339,0.00,0.0,22591.9
13:14:17.546,253.130,0.00,0.0,22624.7
13:14:18.264,253.856,0.00,0.0,22586.5
13:14:18.983,254.575,0.00,0.0,22657.3
13:14:19.776,255.293,0.00,0.0,22689.3
13:14:20.496,256.086,0.00,0.0,22710.6
13:14:21.197,256.807,0.00,0.0,22671.0
13:14:21.911,257.508,0.00,0.0,22694.7
13:14:22.661,258.222,0.00,0.0,22833.5
13:14:23.458,258.971,0.00,0.0,22805.7
13:14:24.175,259.768,0.00,0.0,22825.6
13:14:24.809,260.486,0.00,0.0,22784.8
13:14:25.439,261.119,0.00,0.0,20220.9
13:14:26.151,261.749,0.00,0.0,12801.3
13:14:26.804,262.461,0.00,0.0,12211.7
13:14:27.502,263.114,0.00,0.0,16297.4
13:14:28.190,263.813,0.00,0.0,20011.4
13:14:28.837,264.500,0.00,0.0,20401.7
13:14:29.530,265.147,0.00,0.0,20785.1
13:14:30.237,265.841,0.00,0.0,21200.2
13:14:30.934,266.547,0.00,0.0,21513.2
13:14:31.619,267.244,0.00,0.0,21898.8
13:14:32.306,267.930,0.00,0.0,21994.3
13:14:32.994,268.617,0.00,0.0,22037.9
13:14:33.671,269.305,0.00,0.0,22107.1
13:14:34.343,269.981,0.00,0.0,22082.5
13:14:35.048,270.653,0.00,0.0,22200.1
13:14:35.751,271.359,0.00,0.0,22260.3
13:14:36.423,272.062,0.00,0.0,22299.3
13:14:37.079,272.733,0.00,0.0,22284.9
13:14:37.792,273.389,0.00,0.0,22150.5
13:14:38.446,274.102,0.00,0.0,22263.5
13:14:39.123,274.756,0.00,0.0,22227.4
13:14:39.796,275.433,0.00,0.0,22225.6
13:14:40.468,276.106,0.00,0.0,22175.2
13:14:41.121,276.779,0.00,0.0,22198.2
13:14:41.800,277.431,0.00,0.0,22214.5
13:14:42.484,278.111,0.00,0.0,22202.4
13:14:43.163,278.794,0.00,0.0,22171.0
13:14:43.813,279.474,0.00,0.0,22162.6
13:14:44.489,280.124,0.00,0.0,22252.5
13:14:45.172,280.799,0.00,0.0,22235.8
13:14:45.827,281.482,0.00,0.0,22221.7
13:14:46.499,282.137,0.00,0.0,22148.5
13:14:47.194,282.809,0.00,0.0,22180.5
13:14:47.874,283.504,0.00,0.0,22265.2
13:14:48.581,284.184,0.00,0.0,22245.0
13:14:49.273,284.892,0.00,0.0,21823.6
13:14:49.943,285.584,0.00,0.0,21411.5
13:14:50.612,286.254,0.00,0.0,21479.2
13:14:51.359,286.922,0.00,0.0,21617.7
13:14:52.047,287.670,0.00,0.0,21635.7
13:14:52.727,288.357,0.00,0.0,21596.3
13:14:53.431,289.038,0.00,0.0,21566.1
13:14:54.127,289.741,0.00,0.0,21630.9
13:14:54.866,290.437,0.00,0.0,21677.9
13:14:55.564,291.176,0.00,0.0,21826.6
13:14:56.291,291.874,0.00,0.0,22153.3
13:14:57.024,292.602,0.00,0.0,22582.1
13:14:57.763,293.334,0.00,0.0,23006.1
13:14:58.525,294.073,0.00,0.0,22210.7
13:14:59.278,294.835,0.00,0.0,22135.9
13:15:00.064,295.588,0.00,0.0,22248.0
13:15:00.944,296.374,0.00,0.0,22328.9
13:15:01.718,297.255,0.00,0.0,22342.5
13:15:02.450,298.028,0.00,0.0,22287.9
13:15:03.196,298.760,0.00,0.0,22305.8
13:15:03.942,299.507,0.00,0.0,22395.6
13:15:04.757,300.252,0.00,0.0,22444.6
13:15:05.495,301.068,0.00,0.0,22518.9
13:15:06.212,301.805,0.00,0.0,22505.0
13:15:06.897,302.523,0.00,0.0,22481.5
13:15:07.719,303.207,0.00,0.0,22547.3
13:15:08.507,304.029,0.00,0.0,22415.0
13:15:09.270,304.817,0.00,0.0,22393.6
13:15:10.002,305.580,0.00,0.0,22199.9
13:15:10.774,306.313,0.00,0.0,22215.8
13:15:11.545,307.085,0.00,0.0,22242.2
13:15:12.282,307.856,0.00,0.0,22184.2
13:15:12.965,308.592,0.00,0.0,22155.7
13:15:13.673,309.276,0.00,0.0,21510.6
13:15:14.513,309.983,0.00,0.0,21543.3
13:15:15.220,310.824,0.00,0.0,21518.2
13:15:15.896,311.531,0.00,0.0,21461.4
13:15:16.629,312.207,0.00,0.0,21514.4
13:15:17.454,312.940,0.00,0.0,21553.7
13:15:18.254,313.765,0.00,0.0,21580.7
13:15:18.986,314.564,0.00,0.0,21531.0
13:15:19.689,315.297,0.00,0.0,21515.4
13:15:20.397,316.000,0.00,0.0,21622.6
13:15:21.216,316.707,0.00,0.0,21707.0
13:15:21.944,317.526,0.00,0.0,21796.6
13:15:22.640,318.254,0.00,0.0,21794.0
13:15:23.258,318.950,0.00,0.0,21786.9
13:15:23.950,319.568,0.00,0.0,14912.4
13:15:24.659,320.261,0.00,0.0,12398.8
13:15:25.277,320.969,0.00,0.0,14326.4
13:15:25.948,321.587,0.00,0.0,20070.0
13:15:26.591,322.258,0.00,0.0,20455.4
13:15:27.294,322.902,0.00,0.0,20817.2
13:15:27.994,323.604,0.00,0.0,21205.8
13:15:28.735,324.304,0.00,0.0,21600.8
13:15:29.467,325.046,0.00,0.0,22073.3
13:15:30.213,325.777,0.00,0.0,22636.6
13:15:30.945,326.523,0.00,0.0,23050.0
13:15:31.696,327.255,0.00,0.0,23376.0
13:15:32.447,328.006,0.00,0.0,23044.5
13:15:33.165,328.757,0.00,0.0,23089.5
13:15:33.883,329.475,0.00,0.0,23115.9
13:15:34.569,330.194,0.00,0.0,23127.1
13:15:35.242,330.879,0.00,0.0,23077.5
13:15:35.938,331.552,0.00,0.0,23113.8
13:15:36.671,332.249,0.00,0.0,23207.1
13:15:37.410,332.981,0.00,0.0,23218.4
13:15:38.121,333.721,0.00,0.0,23186.9
13:15:38.830,334.431,0.00,0.0,23203.6
13:15:39.520,335.140,0.00,0.0,23276.1
13:15:40.270,335.830,0.00,0.0,22812.6
13:15:40.950,336.581,0.00,0.0,22822.5
13:15:41.604,337.260,0.00,0.0,22793.3
13:15:42.304,337.915,0.00,0.0,22828.9
13:15:43.032,338.615,0.00,0.0,22885.8
13:15:43.735,339.342,0.00,0.0,22896.9
13:15:44.436,340.045,0.00,0.0,22924.9
13:15:45.103,340.747,0.00,0.0,22960.4
13:15:45.769,341.414,0.00,0.0,23016.7
13:15:46.500,342.079,0.00,0.0,23097.8
13:15:47.210,342.810,0.00,0.0,23208.3
13:15:47.943,343.521,0.00,0.0,23152.1
13:15:48.649,344.254,0.00,0.0,23259.8
13:15:49.375,344.959,0.00,0.0,23312.7
13:15:50.073,345.685,0.00,0.0,23673.3
13:15:50.746,346.383,0.00,0.0,23947.3
13:15:51.446,347.057,0.00,0.0,24357.5
13:15:52.247,347.757,0.00,0.0,23843.4
13:15:53.327,348.558,0.00,0.0,23899.5
13:15:54.275,349.637,0.00,0.0,23617.2
13:15:55.030,350.585,0.00,0.0,23600.6
13:15:55.783,351.340,0.00,0.0,23651.8
13:15:56.609,352.094,0.00,0.0,23662.7
13:15:57.358,352.919,0.00,0.0,23667.4
13:15:58.162,353.669,0.00,0.0,23633.2
13:15:58.935,354.472,0.00,0.0,23511.8
13:15:59.813,355.246,0.00,0.0,23546.6
13:16:00.677,356.123,0.00,0.0,23552.3
13:16:01.482,356.988,0.00,0.0,23325.8
13:16:02.275,357.792,0.00,0.0,23381.8
13:16:03.112,358.585,0.00,0.0,23396.9
13:16:03.880,359.422,0.00,0.0,23427.2
13:16:04.647,360.190,0.00,0.0,22587.9
13:16:05.392,360.958,0.00,0.0,22598.6
13:16:06.162,361.702,0.00,0.0,22616.5
13:16:06.961,362.473,0.00,0.0,22637.3
13:16:07.734,363.271,0.00,0.0,22885.8
13:16:08.596,364.045,0.00,0.0,23114.1
13:16:09.366,364.906,0.00,0.0,23177.2
13:16:10.161,365.676,0.00,0.0,23156.0
13:16:10.857,366.472,0.00,0.0,23148.1
13:16:11.559,367.168,0.00,0.0,23072.9
13:16:12.230,367.870,0.00,0.0,23114.8
13:16:13.021,368.541,0.00,0.0,23176.6
13:16:13.809,369.332,0.00,0.0,23233.8
13:16:14.593,370.119,0.00,0.0,23237.3
13:16:15.233,370.904,0.00,0.0,23330.3
13:16:15.973,371.543,0.00,0.0,19057.4
13:16:16.707,372.283,0.00,0.0,12821.9
13:16:17.339,373.018,0.00,0.0,12814.2
13:16:17.983,373.649,0.00,0.0,19144.0
13:16:18.636,374.293,0.00,0.0,20667.6
13:16:19.327,374.947,0.00,0.0,21053.8
13:16:19.997,375.638,0.00,0.0,21396.8
13:16:20.765,376.307,0.00,0.0,21451.8
13:16:21.517,377.076,0.00,0.0,21831.5
13:16:22.208,377.827,0.00,0.0,22026.9
13:16:22.919,378.518,0.00,0.0,22020.8
13:16:23.592,379.230,0.00,0.0,22058.4
13:16:24.263,379.902,0.00,0.0,22006.1
13:16:24.975,380.574,0.00,0.0,22051.9
13:16:25.706,381.285,0.00,0.0,22093.7
13:16:26.388,382.017,0.00,0.0,22047.5
13:16:27.048,382.698,0.00,0.0,21983.9
13:16:27.687,383.358,0.00,0.0,21983.0
13:16:28.371,383.997,0.00,0.0,21747.5
13:16:29.091,384.681,0.00,0.0,21778.3
13:16:29.743,385.401,0.00,0.0,21808.6
13:16:30.388,386.053,0.00,0.0,21731.5
13:16:31.047,386.698,0.00,0.0,21767.6
13:16:31.706,387.357,0.00,0.0,21770.6
13:16:32.363,388.016,0.00,0.0,21802.0
13:16:32.986,388.673,0.00,0.0,21803.4
13:16:33.641,389.297,0.00,0.0,21771.8
13:16:34.286,389.951,0.00,0.0,21770.1
13:16:34.980,390.597,0.00,0.0,21791.9
13:16:35.713,391.290,0.00,0.0,21845.0
13:16:36.423,392.023,0.00,0.0,21804.6
13:16:37.134,392.733,0.00,0.0,21835.5
13:16:37.828,393.444,0.00,0.0,21887.1
13:16:38.556,394.138,0.00,0.0,21886.2
13:16:39.236,394.867,0.00,0.0,21967.3
13:16:39.895,395.546,0.00,0.0,22179.4
13:16:40.574,396.205,0.00,0.0,22573.6
13:16:41.289,396.884,0.00,0.0,22952.2
13:16:41.988,397.600,0.00,0.0,21953.8
13:16:42.732,398.298,0.00,0.0,22517.8
13:16:43.497,399.042,0.00,0.0,22570.8
13:16:44.250,399.808,0.00,0.0,22653.6
13:16:45.064,400.560,0.00,0.0,22718.2
13:16:45.832,401.374,0.00,0.0,22734.3
13:16:46.576,402.142,0.00,0.0,22814.0
13:16:47.456,402.886,0.00,0.0,22896.0
13:16:48.404,403.766,0.00,0.0,22986.6
13:16:49.343,404.715,0.00,0.0,23220.3
13:16:50.089,405.654,0.00,0.0,23162.6
13:16:50.863,406.399,0.00,0.0,23240.8
13:16:51.824,407.173,0.00,0.0,22944.1
13:16:52.552,408.135,0.00,0.0,22687.1
13:16:53.263,408.863,0.00,0.0,22639.1
13:16:53.964,409.573,0.00,0.0,22505.1
13:16:54.762,410.274,0.00,0.0,22338.2
13:16:55.491,411.072,0.00,0.0,22327.0
13:16:56.141,411.801,0.00,0.0,22273.4
13:16:56.805,412.451,0.00,0.0,22199.9
13:16:57.522,413.115,0.00,0.0,22081.8
13:16:58.329,413.833,0.00,0.0,22083.9
13:16:59.074,414.639,0.00,0.0,22085.8
13:16:59.843,415.384,0.00,0.0,22067.4
13:17:00.576,416.154,0.00,0.0,21881.5
13:17:01.537,416.887,0.00,0.0,21849.5
13:17:02.426,417.847,0.00,0.0,21867.7
13:17:03.145,418.736,0.00,0.0,21878.1
13:17:03.845,419.456,0.00,0.0,21836.6
13:17:04.537,420.156,0.00,0.0,21886.1
13:17:05.341,420.847,0.00,0.0,21926.8
13:17:06.082,421.651,0.00,0.0,21964.2
13:17:06.778,422.392,0.00,0.0,21973.9
13:17:07.381,423.088,0.00,0.0,22011.7
13:17:08.029,423.691,0.00,0.0,18067.5
13:17:08.728,424.339,0.00,0.0,12567.2
13:17:09.373,425.039,0.00,0.0,12597.3
13:17:10.041,425.683,0.00,0.0,20193.3
13:17:10.698,426.351,0.00,0.0,20490.5
13:17:11.401,427.009,0.00,0.0,20973.5
13:17:12.188,427.711,0.00,0.0,20997.4
13:17:12.917,428.498,0.00,0.0,21352.4
13:17:13.615,429.227,0.00,0.0,21645.3
13:17:14.327,429.925,0.00,0.0,22023.8
13:17:15.050,430.637,0.00,0.0,22416.2
13:17:15.795,431.360,0.00,0.0,22828.0
13:17:16.480,432.105,0.00,0.0,22851.9
13:17:17.164,432.790,0.00,0.0,22883.3
13:17:17.837,433.474,0.00,0.0,22916.1
13:17:18.545,434.148,0.00,0.0,22909.2
13:17:19.183,434.856,0.00,0.0,22897.0
13:17:19.843,435.493,0.00,0.0,22832.0
13:17:20.504,436.153,0.00,0.0,22832.6
13:17:21.159,436.815,0.00,0.0,22926.6
13:17:21.833,437.469,0.00,0.0,22906.3
13:17:22.473,438.143,0.00,0.0,22913.4
13:17:23.109,438.783,0.00,0.0,22702.6
13:17:23.752,439.419,0.00,0.0,22769.8
13:17:24.433,440.062,0.00,0.0,22813.4
13:17:25.103,440.743,0.00,0.0,22814.1
13:17:25.770,441.414,0.00,0.0,22751.8
13:17:26.422,442.080,0.00,0.0,22747.2
13:17:27.091,442.732,0.00,0.0,22785.1
13:17:27.760,443.401,0.00,0.0,22818.7
13:17:28.423,444.071,0.00,0.0,22843.3
13:17:29.092,444.733,0.00,0.0,22820.2
13:17:29.839,445.403,0.00,0.0,22926.6
13:17:30.592,446.149,0.00,0.0,23029.0
13:17:31.305,446.903,0.00,0.0,23002.2
13:17:32.029,447.615,0.00,0.0,22984.2
13:17:32.765,448.340,0.00,0.0,22934.7
13:17:33.445,449.075,0.00,0.0,23024.9
13:17:34.201,449.755,0.00,0.0,23053.0
13:17:34.925,450.511,0.00,0.0,23276.0
13:17:35.641,451.236,0.00,0.0,23587.0
13:17:36.380,451.951,0.00,0.0,24010.6
13:17:37.126,452.690,0.00,0.0,23312.4
13:17:37.962,453.436,0.00,0.0,23808.2
13:17:38.719,454.273,0.00,0.0,23699.4
13:17:39.415,455.030,0.00,0.0,23700.1
13:17:40.212,455.725,0.00,0.0,23740.1
13:17:41.003,456.522,0.00,0.0,23448.5
13:17:41.795,457.313,0.00,0.0,23413.5
13:17:42.571,458.106,0.00,0.0,23426.8
13:17:43.385,458.881,0.00,0.0,23531.9
13:17:44.274,459.696,0.00,0.0,23572.0
13:17:45.028,460.585,0.00,0.0,23568.5
13:17:45.806,461.338,0.00,0.0,23522.1
13:17:46.644,462.117,0.00,0.0,23599.2
13:17:47.435,462.954,0.00,0.0,23634.6
13:17:48.192,463.746,0.00,0.0,23166.1
13:17:48.928,464.503,0.00,0.0,23207.0
13:17:49.645,465.238,0.00,0.0,23210.6
13:17:50.465,465.956,0.00,0.0,23322.0
13:17:51.230,466.776,0.00,0.0,23255.4
13:17:51.952,467.540,0.00,0.0,23194.6
13:17:52.676,468.263,0.00,0.0,23171.0
13:17:53.388,468.986,0.00,0.0,23215.4
13:17:54.244,469.699,0.00,0.0,23316.3
13:17:55.023,470.555,0.00,0.0,23392.7
13:17:55.738,471.333,0.00,0.0,23336.0
13:17:56.466,472.048,0.00,0.0,23378.4
13:17:57.300,472.777,0.00,0.0,23439.8
13:17:58.049,473.610,0.00,0.0,23506.3
13:17:58.776,474.359,0.00,0.0,23444.2
13:17:59.512,475.087,0.00,0.0,23371.7
13:18:00.246,475.823,0.00,0.0,23420.4
13:18:01.015,476.556,0.00,0.0,23414.5
13:18:01.761,477.325,0.00,0.0,23443.0
13:18:02.512,478.072,0.00,0.0,23513.5
13:18:03.289,478.822,0.00,0.0,23620.6
13:18:04.089,479.599,0.00,0.0,23620.8
13:18:04.778,480.400,0.00,0.0,23607.2
13:18:05.475,481.088,0.00,0.0,23617.5
13:18:06.176,481.785,0.00,0.0,23554.0
13:18:07.035,482.486,0.00,0.0,23751.4
13:18:07.820,483.345,0.00,0.0,23293.1
13:18:08.467,484.130,0.00,0.0,21366.2
13:18:09.131,484.777,0.00,0.0,14640.0
13:18:09.732,485.442,0.00,0.0,12537.6
13:18:10.394,486.042,0.00,0.0,12741.8
13:18:11.110,486.704,0.00,0.0,20182.4
13:18:11.773,487.420,0.00,0.0,20534.3
13:18:12.420,488.083,0.00,0.0,20828.2
13:18:13.080,488.730,0.00,0.0,21171.5
13:18:13.775,489.391,0.00,0.0,21582.5
13:18:14.541,490.086,0.00,0.0,21950.9
13:18:15.235,490.851,0.00,0.0,22112.5
13:18:15.866,491.545,0.00,0.0,22078.7
13:18:16.536,492.176,0.00,0.0,22094.5
13:18:17.247,492.846,0.00,0.0,22112.2
13:18:17.919,493.557,0.00,0.0,22124.5
13:18:18.561,494.229,0.00,0.0,22157.3
13:18:19.238,494.871,0.00,0.0,22066.5
13:18:19.897,495.548,0.00,0.0,22126.2
13:18:20.662,496.208,0.00,0.0,22217.1
13:18:21.397,496.972,0.00,0.0,22253.3
13:18:22.126,497.707,0.00,0.0,22193.5
13:18:22.823,498.436,0.00,0.0,21705.2
13:18:23.557,499.134,0.00,0.0,21785.4
13:18:24.291,499.867,0.00,0.0,21836.2
13:18:24.955,500.601,0.00,0.0,21844.2
13:18:25.613,501.265,0.00,0.0,21789.0
13:18:26.234,501.923,0.00,0.0,21759.5
13:18:26.931,502.545,0.00,0.0,21826.5
13:18:27.669,503.242,0.00,0.0,21866.5
13:18:28.361,503.979,0.00,0.0,21923.7
13:18:29.013,504.671,0.00,0.0,21874.5
13:18:29.694,505.324,0.00,0.0,21871.5
13:18:30.330,506.004,0.00,0.0,21938.5
13:18:31.064,506.640,0.00,0.0,22056.5
13:18:31.754,507.375,0.00,0.0,22135.2
13:18:32.399,508.065,0.00,0.0,21881.9
13:18:33.073,508.709,0.00,0.0,21947.1
13:18:33.771,509.383,0.00,0.0,22007.7
13:18:34.461,510.081,0.00,0.0,22098.1
13:18:35.095,510.771,0.00,0.0,22204.3
13:18:35.728,511.405,0.00,0.0,22243.9
13:18:36.369,512.038,0.00,0.0,22381.4
13:18:37.035,512.679,0.00,0.0,22457.4
13:18:37.668,513.345,0.00,0.0,22498.4
13:18:38.316,513.978,0.00,0.0,22484.0
13:18:38.954,514.627,0.00,0.0,22525.2
13:18:39.593,515.264,0.00,0.0,22656.9
13:18:40.272,515.903,0.00,0.0,22780.6
13:18:40.925,516.582,0.00,0.0,22883.8
13:18:41.567,517.235,0.00,0.0,22504.4
13:18:42.192,517.878,0.00,0.0,22539.8
13:18:42.818,518.502,0.00,0.0,22630.4
13:18:43.481,519.128,0.00,0.0,22707.1
13:18:44.148,519.791,0.00,0.0,22831.1
13:18:44.796,520.459,0.00,0.0,22824.1
13:18:45.444,521.106,0.00,0.0,22891.3
13:18:46.129,521.754,0.00,0.0,23016.3
13:18:46.839,522.440,0.00,0.0,22735.1
13:18:47.497,523.149,0.00,0.0,22734.5
13:18:48.144,523.807,0.00,0.0,22783.5
13:18:48.789,524.454,0.00,0.0,22862.3
13:18:49.503,525.100,0.00,0.0,22914.5
13:18:50.188,525.814,0.00,0.0,22950.6
13:18:50.851,526.498,0.00,0.0,22937.8
13:18:51.494,527.161,0.00,0.0,22987.1
13:18:52.152,527.804,0.00,0.0,22720.5
13:18:52.948,528.463,0.00,0.0,22654.2
13:18:53.605,529.259,0.00,0.0,22601.0
13:18:54.294,529.915,0.00,0.0,22544.6
13:18:54.962,530.604,0.00,0.0,22583.1
13:18:55.832,531.273,0.00,0.0,22600.6
13:18:56.549,532.143,0.00,0.0,22606.8
13:18:57.292,532.860,0.00,0.0,22566.1
13:18:58.033,533.603,0.00,0.0,22613.6
13:18:58.717,534.343,0.00,0.0,22655.4
13:18:59.571,535.027,0.00,0.0,22695.7
13:19:00.287,535.881,0.00,0.0,22778.3
13:19:00.993,536.598,0.00,0.0,22748.1
13:19:01.697,537.303,0.00,0.0,22798.1
13:19:02.535,538.007,0.00,0.0,22870.7
13:19:03.287,538.845,0.00,0.0,22920.2
13:19:04.036,539.597,0.00,0.0,22680.2
13:19:04.745,540.346,0.00,0.0,22709.3
13:19:05.468,541.055,0.00,0.0,22771.7
13:19:06.224,541.779,0.00,0.0,22796.7
13:19:06.906,542.534,0.00,0.0,22795.7
13:19:07.623,543.217,0.00,0.0,22755.4
13:19:08.295,543.933,0.00,0.0,22812.0
13:19:09.171,544.605,0.00,0.0,22904.6
13:19:09.891,545.482,0.00,0.0,22918.8
13:19:10.581,546.201,0.00,0.0,22847.6
13:19:11.367,546.891,0.00,0.0,22653.3
13:19:12.170,547.678,0.00,0.0,22493.2
13:19:12.912,548.481,0.00,0.0,22499.9
13:19:13.601,549.222,0.00,0.0,22512.0
13:19:14.280,549.911,0.00,0.0,22477.9
13:19:14.975,550.590,0.00,0.0,22307.1
13:19:15.782,551.285,0.00,0.0,22351.2
13:19:16.470,552.092,0.00,0.0,22377.6
13:19:17.147,552.780,0.00,0.0,22311.3
13:19:17.824,553.457,0.00,0.0,22334.0
13:19:18.501,554.135,0.00,0.0,22402.0
13:19:19.253,554.811,0.00,0.0,22414.3
13:19:19.943,555.564,0.00,0.0,22302.6
13:19:20.613,556.253,0.00,0.0,22246.3
13:19:21.273,556.923,0.00,0.0,22269.8
13:19:22.042,557.584,0.00,0.0,22298.7
13:19:22.739,558.352,0.00,0.0,22298.3
13:19:23.461,559.049,0.00,0.0,22068.8
13:19:24.160,559.771,0.00,0.0,21972.4
13:19:24.893,560.470,0.00,0.0,22041.0
13:19:25.699,561.203,0.00,0.0,22051.2
13:19:26.385,562.009,0.00,0.0,22050.0
13:19:27.059,562.695,0.00,0.0,21993.5
13:19:27.743,563.369,0.00,0.0,21749.9
13:19:28.532,564.053,0.00,0.0,21789.6
13:19:29.283,564.843,0.00,0.0,21785.9
13:19:30.010,565.594,0.00,0.0,21733.6
13:19:30.729,566.320,0.00,0.0,21790.7
13:19:31.460,567.039,0.00,0.0,21888.0
13:19:32.280,567.770,0.00,0.0,21919.1
13:19:32.973,568.591,0.00,0.0,21902.8
13:19:33.645,569.283,0.00,0.0,21838.8
13:19:34.325,569.956,0.00,0.0,21847.9
13:19:35.057,570.635,0.00,0.0,21892.5
13:19:35.800,571.367,0.00,0.0,21893.9
13:19:36.532,572.110,0.00,0.0,21453.5
13:19:37.157,572.842,0.00,0.0,21448.3
13:19:37.776,573.467,0.00,0.0,21377.2
13:19:38.456,574.086,0.00,0.0,13271.2
13:19:38.858,574.766,0.00,0.0,11781.9
13:19:39.332,575.267,0.00,0.0,11824.1
13:19:39.880,575.767,0.00,0.0,17843.1
13:19:40.367,576.267,0.00,0.0,19757.9
13:19:40.865,576.768,0.00,0.0,20027.4
13:19:41.386,577.268,0.00,0.0,20302.8
13:19:41.866,577.768,0.00,0.0,20583.5
13:19:42.374,578.268,0.00,0.0,20580.7
13:19:42.866,578.768,0.00,0.0,20820.9
13:19:43.367,579.269,0.00,0.0,21079.3
13:19:43.877,579.769,0.00,0.0,21320.7
13:19:44.393,580.270,0.00,0.0,21576.6
13:19:44.889,580.770,0.00,0.0,21840.2
13:19:45.397,581.270,0.00,0.0,21783.6
13:19:45.897,581.771,0.00,0.0,22037.1
13:19:46.367,582.272,0.00,0.0,22125.2
13:19:46.869,582.772,0.00,0.0,22119.5
13:19:47.381,583.272,0.00,0.0,22123.9
13:19:47.872,583.773,0.00,0.0,22133.3
13:19:48.375,584.273,0.00,0.0,22144.0
13:19:48.885,584.773,0.00,0.0,22138.9
13:19:49.379,585.274,0.00,0.0,22141.7
13:19:49.859,585.774,0.00,0.0,22127.7
13:19:50.373,586.274,0.00,0.0,22111.6
13:19:50.864,586.775,0.00,0.0,22124.4
13:19:51.376,587.275,0.00,0.0,22115.5
13:19:51.878,587.775,0.00,0.0,22139.1
13:19:52.376,588.275,0.00,0.0,22118.9
13:19:52.880,588.776,0.00,0.0,22158.3
13:19:53.366,589.276,0.00,0.0,22149.4
13:19:53.873,589.777,0.00,0.0,22133.3
13:19:54.376,590.277,0.00,0.0,22147.5
13:19:54.876,590.778,0.00,0.0,22133.5
13:19:55.375,591.278,0.00,0.0,22158.5
13:19:55.872,591.778,0.00,0.0,22140.7
13:19:56.389,592.278,0.00,0.0,22172.2
13:19:56.879,592.778,0.00,0.0,22161.3
13:19:57.386,593.278,0.00,0.0,22194.3
13:19:57.879,593.779,0.00,0.0,22169.1
13:19:58.378,594.279,0.00,0.0,22154.2
13:19:58.880,594.780,0.00,0.0,22140.8
13:19:59.383,595.280,0.00,0.0,22145.6
13:19:59.877,595.780,0.00,0.0,22160.2
13:20:00.389,596.280,0.00,0.0,22154.0
13:20:00.870,596.781,0.00,0.0,22149.9
13:20:01.384,597.281,0.00,0.0,22165.4
13:20:01.886,597.781,0.00,0.0,22154.2
13:20:02.391,598.282,0.00,0.0,22162.0
13:20:02.879,598.782,0.00,0.0,22166.8
13:20:03.382,599.282,0.00,0.0,22149.4
13:20:03.886,599.782,0.00,0.0,22215.8
13:20:04.393,600.283,0.00,0.0,22171.5
13:20:04.873,600.783,0.00,0.0,22174.8
13:20:05.385,601.283,0.00,0.0,22204.5
13:20:05.894,601.783,0.00,0.0,22179.1
13:20:06.389,602.284,0.00,0.0,22409.0
13:20:06.879,602.784,0.00,0.0,22674.1
13:20:07.400,603.285,0.00,0.0,22946.4
13:20:07.886,603.785,0.00,0.0,23224.0
13:20:08.362,604.285,0.00,0.0,22577.4
13:20:08.876,604.786,0.00,0.0,22974.8
13:20:09.383,605.286,0.00,0.0,22974.0
13:20:09.885,605.786,0.00,0.0,22904.5
13:20:10.362,606.286,0.00,0.0,22901.3
13:20:10.897,606.787,0.00,0.0,22903.8
13:20:11.379,607.287,0.00,0.0,22903.6
13:20:11.879,607.787,0.00,0.0,22906.1
13:20:12.374,608.287,0.00,0.0,22903.8
13:20:12.907,608.788,0.00,0.0,22908.8
13:20:13.373,609.288,0.00,0.0,22908.2
13:20:13.870,609.789,0.00,0.0,22910.0
13:20:14.389,610.289,0.00,0.0,22910.7
13:20:14.876,610.789,0.00,0.0,22910.7
13:20:15.389,611.290,0.00,0.0,22912.6
13:20:15.887,611.790,0.00,0.0,22916.4
13:20:16.408,612.291,0.00,0.0,22916.6
13:20:16.883,612.791,0.00,0.0,22921.3
13:20:17.397,613.291,0.00,0.0,22920.3
13:20:17.876,613.792,0.00,0.0,22920.9
13:20:18.405,614.292,0.00,0.0,22922.1
13:20:18.878,614.792,0.00,0.0,22924.1
13:20:19.381,615.292,0.00,0.0,22922.4
13:20:19.905,615.793,0.00,0.0,22817.4
13:20:20.398,616.293,0.00,0.0,22802.6
13:20:20.890,616.793,0.00,0.0,22808.1
13:20:21.371,617.294,0.00,0.0,22808.4
13:20:21.900,617.794,0.00,0.0,22811.1
13:20:22.409,618.294,0.00,0.0,22811.5
13:20:22.875,618.794,0.00,0.0,22776.6
13:20:23.391,619.295,0.00,0.0,22777.2
13:20:23.903,619.795,0.00,0.0,22779.8
13:20:24.392,620.295,0.00,0.0,22776.1
13:20:24.872,620.796,0.00,0.0,22781.2
13:20:25.397,621.296,0.00,0.0,22776.2
13:20:25.918,621.796,0.00,0.0,22772.3
13:20:26.381,622.297,0.00,0.0,22767.6
13:20:26.887,622.797,0.00,0.0,22770.2
13:20:27.404,623.297,0.00,0.0,22769.6
13:20:27.930,623.797,0.00,0.0,22770.2
13:20:28.380,624.298,0.00,0.0,22772.2
13:20:28.893,624.798,0.00,0.0,22755.4
13:20:29.401,625.298,0.00,0.0,22665.9
13:20:29.879,625.799,0.00,0.0,22430.3
13:20:30.390,626.299,0.00,0.0,22422.3
13:20:30.884,626.800,0.00,0.0,22418.2
13:20:31.402,627.300,0.00,0.0,22418.6
13:20:31.884,627.800,0.00,0.0,22416.8
13:20:32.387,628.301,0.00,0.0,22402.5
13:20:32.897,628.801,0.00,0.0,22165.7
13:20:33.387,629.301,0.00,0.0,22166.1
13:20:33.899,629.801,0.00,0.0,22166.8
13:20:34.397,630.302,0.00,0.0,22165.6
13:20:34.896,630.802,0.00,0.0,22157.7
13:20:35.387,631.303,0.00,0.0,22140.9
13:20:35.900,631.803,0.00,0.0,22141.2
13:20:36.396,632.304,0.00,0.0,22140.7
13:20:36.895,632.805,0.00,0.0,22141.2
13:20:37.396,633.305,0.00,0.0,22140.1
13:20:37.898,633.806,0.00,0.0,22137.9
13:20:38.392,634.307,0.00,0.0,22138.7
13:20:38.898,634.807,0.00,0.0,22137.4
13:20:39.401,635.308,0.00,0.0,22136.3
13:20:39.900,635.808,0.00,0.0,22138.4
13:20:40.403,636.308,0.00,0.0,22139.3
13:20:40.895,636.809,0.00,0.0,22137.8
13:20:41.405,637.309,0.00,0.0,22138.9
13:20:41.912,637.810,0.00,0.0,22139.0
13:20:42.396,638.310,0.00,0.0,22139.7
13:20:42.924,638.811,0.00,0.0,22139.6
13:20:43.425,639.311,0.00,0.0,22141.8
13:20:43.896,639.811,0.00,0.0,22140.9
13:20:44.397,640.312,0.00,0.0,22140.5
13:20:44.901,640.812,0.00,0.0,22140.3
13:20:45.413,641.312,0.00,0.0,22140.3
13:20:45.907,641.812,0.00,0.0,22140.0
13:20:46.403,642.313,0.00,0.0,22139.3
13:20:46.899,642.813,0.00,0.0,22137.9
13:20:47.403,643.313,0.00,0.0,22138.6
13:20:47.923,643.814,0.00,0.0,22139.5
13:20:48.398,644.314,0.00,0.0,22140.0
13:20:48.901,644.814,0.00,0.0,22135.9
13:20:49.406,645.315,0.00,0.0,22138.6
13:20:49.910,645.815,0.00,0.0,22133.2
13:20:50.404,646.316,0.00,0.0,22134.9
13:20:50.910,646.816,0.00,0.0,22131.3
13:20:51.402,647.316,0.00,0.0,22135.2
13:20:51.900,647.816,0.00,0.0,22135.2
13:20:52.408,648.317,0.00,0.0,22136.8
13:20:52.927,648.817,0.00,0.0,22132.8
13:20:53.406,649.318,0.00,0.0,22137.1
13:20:53.905,649.818,0.00,0.0,22138.6
13:20:54.410,650.318,0.00,0.0,22136.5
13:20:54.914,650.819,0.00,0.0,22138.5
13:20:55.418,651.319,0.00,0.0,22928.3
13:20:55.906,651.820,0.00,0.0,22931.0
13:20:56.404,652.320,0.00,0.0,22910.7
13:20:56.940,652.820,0.00,0.0,22914.7
13:20:57.417,653.321,0.00,0.0,22912.8
13:20:57.901,653.821,0.00,0.0,22914.6
13:20:58.421,654.321,0.00,0.0,22914.3
13:20:58.912,654.822,0.00,0.0,22909.4
13:20:59.420,655.322,0.00,0.0,22909.4
13:20:59.915,655.823,0.00,0.0,22910.7
13:21:00.467,656.323,0.00,0.0,22914.3
13:21:00.917,656.823,0.00,0.0,22915.7
13:21:01.423,657.324,0.00,0.0,22914.4
13:21:01.910,657.824,0.00,0.0,22916.5
13:21:02.437,658.325,0.00,0.0,22917.6
13:21:02.909,658.825,0.00,0.0,22919.3
13:21:03.407,659.326,0.00,0.0,22918.9
13:21:03.925,659.826,0.00,0.0,22919.8
13:21:04.409,660.327,0.00,0.0,22920.8
13:21:04.931,660.827,0.00,0.0,22922.8
13:21:05.417,661.328,0.00,0.0,22922.5
13:21:05.929,661.828,0.00,0.0,22924.5
13:21:06.414,662.328,0.00,0.0,22925.3
13:21:06.928,662.828,0.00,0.0,22995.2
13:21:07.417,663.329,0.00,0.0,22990.2
13:21:07.917,663.829,0.00,0.0,22991.6
13:21:08.410,664.329,0.00,0.0,22990.0
13:21:08.942,664.829,0.00,0.0,22991.3
13:21:09.423,665.329,0.00,0.0,22988.4
13:21:09.932,665.830,0.00,0.0,22959.7
13:21:10.420,666.330,0.00,0.0,22961.3
13:21:10.919,666.830,0.00,0.0,22961.8
13:21:11.451,667.330,0.00,0.0,22969.7
13:21:11.915,667.831,0.00,0.0,22970.6
13:21:12.448,668.331,0.00,0.0,22969.4
13:21:12.939,668.832,0.00,0.0,22989.9
13:21:13.425,669.332,0.00,0.0,23010.1
13:21:13.959,669.832,0.00,0.0,23022.9
13:21:14.421,670.332,0.00,0.0,23022.0
13:21:14.936,670.833,0.00,0.0,23024.4
13:21:15.420,671.333,0.00,0.0,23024.3
13:21:15.932,671.833,0.00,0.0,23023.7
13:21:16.462,672.334,0.00,0.0,23024.2
13:21:16.921,672.834,0.00,0.0,23025.4
13:21:17.501,673.334,0.00,0.0,23115.2
13:21:17.960,673.835,0.00,0.0,23187.6
13:21:18.463,674.335,0.00,0.0,23225.4
13:21:18.931,674.835,0.00,0.0,23219.1
13:21:19.432,675.336,0.00,0.0,23218.4
13:21:19.977,675.836,0.00,0.0,23222.5
13:21:20.438,676.337,0.00,0.0,23251.8
13:21:20.967,676.837,0.00,0.0,23255.2
13:21:21.466,677.337,0.00,0.0,23243.8
13:21:21.942,677.837,0.00,0.0,23253.7
13:21:22.437,678.338,0.00,0.0,23255.6
13:21:22.977,678.838,0.00,0.0,23285.5
13:21:23.435,679.339,0.00,0.0,23285.5
13:21:23.948,679.839,0.00,0.0,23287.6
13:21:24.440,680.339,0.00,0.0,23261.3
13:21:24.937,680.840,0.00,0.0,23272.4
13:21:25.491,681.340,0.00,0.0,23273.2
13:21:25.987,681.840,0.00,0.0,23346.6
13:21:26.442,682.340,0.00,0.0,23348.6
13:21:26.950,682.841,0.00,0.0,23349.5
13:21:27.451,683.341,0.00,0.0,23346.9
13:21:27.949,683.842,0.00,0.0,23347.5
13:21:28.451,684.342,0.00,0.0,23347.4
13:21:28.947,684.842,0.00,0.0,23336.1
13:21:29.426,685.342,0.00,0.0,23331.5
13:21:29.944,685.842,0.00,0.0,23340.7
13:21:30.429,686.343,0.00,0.0,22694.5
13:21:30.920,686.843,0.00,0.0,23034.2
13:21:31.454,687.344,0.00,0.0,23037.8
13:21:31.964,687.844,0.00,0.0,23041.2
13:21:32.459,688.345,0.00,0.0,23045.3
13:21:32.947,688.845,0.00,0.0,23049.8
13:21:33.429,689.345,0.00,0.0,23027.7
13:21:33.977,689.845,0.00,0.0,22957.4
13:21:34.456,690.346,0.00,0.0,22953.9
13:21:34.949,690.846,0.00,0.0,22939.8
13:21:35.463,691.347,0.00,0.0,22936.4
13:21:35.951,691.847,0.00,0.0,22926.4
13:21:36.441,692.347,0.00,0.0,22957.0
13:21:37.024,692.848,0.00,0.0,23030.0
13:21:37.519,693.348,0.00,0.0,23063.2
13:21:38.043,693.848,0.00,0.0,22889.7
13:21:38.495,694.354,0.00,0.0,22899.7
13:21:39.083,694.854,0.00,0.0,22915.6
13:21:39.591,695.394,0.00,0.0,22945.6
13:21:40.068,695.901,0.00,0.0,22960.2
13:21:40.539,696.402,0.00,0.0,22900.1
13:21:40.974,696.902,0.00,0.0,22895.4
13:21:41.468,697.402,0.00,0.0,22726.5
13:21:42.018,697.902,0.00,0.0,22738.7
13:21:42.518,698.402,0.00,0.0,22731.8
13:21:43.008,698.903,0.00,0.0,22718.5
13:21:43.517,699.403,0.00,0.0,22725.8
13:21:43.991,699.904,0.00,0.0,22718.6
13:21:44.497,700.404,0.00,0.0,22704.9
13:21:45.013,700.904,0.00,0.0,22701.2
13:21:45.506,701.405,0.00,0.0,22704.0
13:21:46.016,701.905,0.00,0.0,22681.7
13:21:46.523,702.405,0.00,0.0,22682.7
13:21:47.021,702.906,0.00,0.0,22634.3
13:21:47.520,703.406,0.00,0.0,22632.2
13:21:48.016,703.907,0.00,0.0,22559.3
13:21:48.532,704.408,0.00,0.0,22383.6
13:21:49.018,704.908,0.00,0.0,22372.0
13:21:49.496,705.409,0.00,0.0,22370.9
13:21:50.005,705.909,0.00,0.0,22359.5
13:21:50.510,706.410,0.00,0.0,22341.7
13:21:51.010,706.910,0.00,0.0,22335.2
13:21:51.517,707.411,0.00,0.0,22334.9
13:21:51.996,707.911,0.00,0.0,22281.1
13:21:52.503,708.411,0.00,0.0,22271.5
13:21:53.018,708.912,0.00,0.0,22274.4
13:21:53.500,709.412,0.00,0.0,22276.4
13:21:54.001,709.913,0.00,0.0,22274.9
13:21:54.508,710.413,0.00,0.0,22274.9
13:21:55.029,710.914,0.00,0.0,22286.1
13:21:55.516,711.414,0.00,0.0,22304.3
13:21:56.020,711.914,0.00,0.0,22438.9
13:21:56.530,712.415,0.00,0.0,22521.3
13:21:57.022,712.915,0.00,0.0,22523.5
13:21:57.537,713.415,0.00,0.0,22521.1
13:21:58.031,713.915,0.00,0.0,22521.2
13:21:58.515,714.416,0.00,0.0,22509.9
13:21:59.014,714.916,0.00,0.0,22510.9
13:21:59.650,715.417,0.00,0.0,22487.1
13:22:00.088,715.961,0.00,0.0,22493.4
13:22:00.555,716.461,0.00,0.0,22477.1
13:22:01.066,716.962,0.00,0.0,22441.8
13:22:01.575,717.462,0.00,0.0,22290.3
13:22:02.072,717.962,0.00,0.0,22164.0
13:22:02.578,718.463,0.00,0.0,22164.7
13:22:03.062,718.963,0.00,0.0,22166.7
13:22:03.551,719.463,0.00,0.0,22155.5
13:22:04.057,719.964,0.00,0.0,22156.1
13:22:04.546,720.464,0.00,0.0,22155.7
13:22:05.057,720.965,0.00,0.0,22026.5
13:22:05.562,721.465,0.00,0.0,22002.1
13:22:06.057,721.965,0.00,0.0,22002.2
13:22:06.554,722.465,0.00,0.0,21998.6
13:22:07.054,722.965,0.00,0.0,22017.1
13:22:07.547,723.466,0.00,0.0,22014.9
13:22:08.063,723.966,0.00,0.0,22012.5
13:22:08.555,724.467,0.00,0.0,22010.6
13:22:09.053,724.967,0.00,0.0,22012.8
13:22:09.557,725.468,0.00,0.0,21986.6
13:22:10.055,725.968,0.00,0.0,21985.3
13:22:10.555,726.468,0.00,0.0,21986.8
13:22:11.058,726.969,0.00,0.0,21990.6
13:22:11.562,727.469,0.00,0.0,21988.3
13:22:12.073,727.970,0.00,0.0,21988.5
13:22:12.571,728.470,0.00,0.0,21985.8
13:22:13.053,728.970,0.00,0.0,21969.5
13:22:13.552,729.470,0.00,0.0,21963.9
13:22:14.062,729.970,0.00,0.0,21965.7
13:22:14.557,730.471,0.00,0.0,21963.9
13:22:15.063,730.971,0.00,0.0,21916.9
13:22:15.556,731.472,0.00,0.0,21916.7
13:22:16.067,731.973,0.00,0.0,21918.1
13:22:16.554,732.474,0.00,0.0,21918.5
13:22:17.066,732.974,0.00,0.0,21919.0
13:22:17.575,733.475,0.00,0.0,21914.6
13:22:18.070,733.975,0.00,0.0,21920.1
13:22:18.572,734.476,0.00,0.0,21919.5
13:22:19.063,734.976,0.00,0.0,21920.2
13:22:19.573,735.476,0.00,0.0,21919.7
13:22:20.078,735.977,0.00,0.0,21920.3
13:22:20.565,736.477,0.00,0.0,21919.5
13:22:21.059,736.978,0.00,0.0,21919.5
13:22:21.566,737.478,0.00,0.0,21918.9
13:22:22.068,737.979,0.00,0.0,21920.1
13:22:22.566,738.479,0.00,0.0,21919.1
13:22:23.070,738.980,0.00,0.0,21919.9
13:22:23.632,739.480,0.00,0.0,19034.5
13:22:24.076,739.980,0.00,0.0,12546.0
13:22:24.536,740.481,0.00,0.0,10804.7
13:22:25.045,740.981,0.00,0.0,10752.1
13:22:25.534,741.481,0.00,0.0,10754.7
13:22:26.047,741.982,0.00,0.0,10751.8
13:22:26.551,742.483,0.00,0.0,10770.0
13:22:27.050,742.983,0.00,0.0,10761.4
13:22:27.548,743.483,0.00,0.0,10762.2
13:22:28.058,743.983,0.00,0.0,10749.9
13:22:28.556,744.484,0.00,0.0,10747.8
13:22:29.055,744.984,0.00,0.0,10751.6
13:22:29.547,745.485,0.00,0.0,10746.0
13:22:30.045,745.985,0.00,0.0,10746.8
13:22:30.558,746.485,0.00,0.0,10748.1
13:22:31.047,746.986,0.00,0.0,10738.3
13:22:31.540,747.486,0.00,0.0,10741.5
13:22:32.046,747.987,0.00,0.0,10744.1
13:22:32.549,748.487,0.00,0.0,10706.9
13:22:33.053,748.987,0.00,0.0,10698.4
